LDSKU,Product Name,Date,Weight,UPC,Manufacturer,SKU,Model Number,ReleaseDate,CreateDate,MSRP,Qty Alternate Images,Product Image,KitInfo,HSCode,ScheduleBCode,HSDescription,CaptureSerialNumber,PackageInsuranceRequired,SignatureRequired,PackagingPreferences,SpecialProduct
540890453,"Toro OEM Hi Flo Blade Kit/Set 115-9649-03 for Titan ZX/MX 60"" Cut Deck",6/23/2025 1:37:41 PM,0,,,TOR~115-9649-03~MP~3,,,6/23/2025 1:37:41 PM,0,,,0,,,,False,False,False,Corrugate Only,False
541264345,Toro Mvp Blade & Belt Pack-z500 52 Turb. Deck Part # 112-5005,7/11/2025 8:18:50 AM,0,,,TOR~112-5005,,,7/11/2025 8:18:50 AM,0,,,0,,,,False,False,False,Corrugate Only,False
296762500,Toro 682210 DISCONTINUED,12/21/2023 2:12:38 PM,10,DOES NOT APPLY,Toro,TOR~682210,682210,,12/21/2023 2:12:38 PM,0,,,0,,,,False,False,False,Corrugate Only,False
541787743,Genuine Toro ZT5400-RIGHT Part# 142-4467,7/18/2025 5:08:45 PM,1040,does not apply,Toro,TOR~142-4467,142-4467,,7/18/2025 5:08:45 PM,1555.99,,,0,,,,False,False,False,Corrugate Only,False
541787731,Genuine Toro ZT5400-LEFT Part# 142-4466,7/18/2025 5:08:40 PM,1032,does not apply,Toro,TOR~142-4466,142-4466,,7/18/2025 5:08:40 PM,1555.99,,,0,,,,False,False,False,Corrugate Only,False
541788137,Genuine Toro ZT3400-RIGHT Part# 142-5595,7/18/2025 5:10:38 PM,624,does not apply,Toro,TOR~142-5595,142-5595,,7/18/2025 5:10:38 PM,1196.99,,,0,,,,False,False,False,Corrugate Only,False
541788153,Genuine Toro ZT3400-LEFT Part# 142-5596,7/18/2025 5:10:44 PM,512,does not apply,Toro,TOR~142-5596,142-5596,,7/18/2025 5:10:44 PM,1196.99,,,0,,,,False,False,False,Corrugate Only,False
541741514,Genuine Toro Z-STAND KIT Part# 105-1622,7/18/2025 12:32:30 PM,540,does not apply,Toro,TOR~105-1622,105-1622,,7/18/2025 12:32:30 PM,475.99,,,0,,,,False,False,False,Corrugate Only,False
541741505,Genuine Toro Z-STAND KIT Part# 105-1621,7/18/2025 12:32:23 PM,653,does not apply,Toro,TOR~105-1621,105-1621,,7/18/2025 12:32:23 PM,646.99,,,0,,,,False,False,False,Corrugate Only,False
541774801,Genuine Toro Z-SPRAY PARTS KIT ZS4230 Part# 135-8219,7/18/2025 4:03:33 PM,16,does not apply,Toro,TOR~135-8219,135-8219,,7/18/2025 4:03:33 PM,711.99,,,0,,,,False,False,False,Corrugate Only,False
